Air temperature [K],Process temperature [K],Rotational speed [rpm],Torque [Nm],Tool wear [min],Machine failure
297.5,308.5,1335,48,131,0
298.6,309.1,1339,51.1,34,0
302.4,310.1,1379,48.9,107,1
297.4,308.4,1392,49.7,174,0
297.6,308.7,1460,46.7,150,0
302.3,311.4,1372,46,86,0
297.5,308.3,2564,12.8,127,1
297.4,308.6,1439,51.9,188,0
298.4,308.7,1421,60.7,119,1
297,307.8,1316,61.2,200,1
